gender,race/ethnicity,parental level of education,lunch,test preparation course,math score,reading score,writing score,total,average
female,group B,bachelor's degree,standard,none,72,72,74,218,121.3333333
female,group C,some college,standard,completed,69,90,88,247,141.6666667
female,group B,master's degree,standard,none,90,95,93,278,155.3333333
male,group A,associate's degree,free/reduced,none,47,57,44,148,83
male,group C,some college,standard,none,76,78,75,229,127.3333333
female,group B,associate's degree,standard,none,71,83,78,232,131
female,group B,some college,standard,completed,88,95,92,275,154
male,group B,some college,free/reduced,none,40,43,39,122,68
male,group D,high school,free/reduced,completed,64,64,67,195,108.6666667
female,group B,high school,free/reduced,none,38,60,50,148,86
male,group C,associate's degree,standard,none,58,54,52,164,90
male,group D,associate's degree,standard,none,40,52,43,135,76.66666667
female,group B,high school,standard,none,65,81,73,219,124.3333333
male,group A,some college,standard,completed,78,72,70,220,120.6666667
female,group A,master's degree,standard,none,50,53,58,161,90.66666667
female,group C,some high school,standard,none,69,75,78,222,125
male,group C,high school,standard,none,88,89,86,263,146
female,group B,some high school,free/reduced,none,18,32,28,78,46
male,group C,master's degree,free/reduced,completed,46,42,46,134,74
female,group C,associate's degree,free/reduced,none,54,58,61,173,97.33333333
male,group D,high school,standard,none,66,69,63,198,110
female,group B,some college,free/reduced,completed,65,75,70,210,118.3333333
male,group D,some college,standard,none,44,54,53,151,86
female,group C,some high school,standard,none,69,73,73,215,120.3333333
male,group D,bachelor's degree,free/reduced,completed,74,71,80,225,125.3333333
male,group A,master's degree,free/reduced,none,73,74,72,219,121.6666667
male,group B,some college,standard,none,69,54,55,178,95.66666667
female,group C,bachelor's degree,standard,none,67,69,75,211,118.3333333
male,group C,high school,standard,none,70,70,65,205,113.3333333
female,group D,master's degree,standard,none,62,70,75,207,117.3333333
female,group D,some college,standard,none,69,74,74,217,121.6666667
female,group B,some college,standard,none,63,65,61,189,105
female,group E,master's degree,free/reduced,none,56,72,65,193,110
male,group D,some college,standard,none,40,42,38,120,66.66666667
male,group E,some college,standard,none,97,87,82,266,145
male,group E,associate's degree,standard,completed,81,81,79,241,133.6666667
female,group D,associate's degree,standard,none,74,81,83,238,134
female,group D,some high school,free/reduced,none,50,64,59,173,98.66666667
female,group D,associate's degree,free/reduced,completed,75,90,88,253,143.6666667
male,group B,associate's degree,free/reduced,none,57,56,57,170,94.33333333
male,group C,associate's degree,free/reduced,none,55,61,54,170,95
female,group C,associate's degree,standard,none,58,73,68,199,113.3333333
female,group B,associate's degree,standard,none,53,58,65,176,99.66666667
male,group B,some college,free/reduced,completed,59,65,66,190,107
female,group E,associate's degree,free/reduced,none,50,56,54,160,90
male,group B,associate's degree,standard,none,65,54,57,176,95.66666667
female,group A,associate's degree,standard,completed,55,65,62,182,103
female,group C,high school,standard,none,66,71,76,213,120
female,group D,associate's degree,free/reduced,completed,57,74,76,207,119
male,group C,high school,standard,completed,82,84,82,248,138
male,group E,some college,standard,none,53,55,48,156,86.33333333
male,group E,associate's degree,free/reduced,completed,77,69,68,214,117
male,group C,some college,standard,none,53,44,42,139,75
male,group D,high school,standard,none,88,78,75,241,131.3333333
female,group C,some high school,free/reduced,completed,71,84,87,242,137.6666667
female,group C,high school,free/reduced,none,33,41,43,117,67
female,group E,associate's degree,standard,completed,82,85,86,253,141.3333333
male,group D,associate's degree,standard,none,52,55,49,156,86.66666667
male,group D,some college,standard,completed,58,59,58,175,97.33333333
female,group C,some high school,free/reduced,none,0,17,10,27,18
male,group E,bachelor's degree,free/reduced,completed,79,74,72,225,123.6666667
male,group A,some high school,free/reduced,none,39,39,34,112,61.66666667
male,group A,associate's degree,free/reduced,none,62,61,55,178,98
female,group C,associate's degree,standard,none,69,80,71,220,123.6666667
female,group D,some high school,standard,none,59,58,59,176,97.66666667
male,group B,some high school,standard,none,67,64,61,192,105.6666667
male,group D,some high school,free/reduced,none,45,37,37,119,64.33333333
female,group C,some college,standard,none,60,72,74,206,117.3333333
male,group B,associate's degree,free/reduced,none,61,58,56,175,96.33333333
female,group C,associate's degree,standard,none,39,64,57,160,93.66666667
female,group D,some college,free/reduced,completed,58,63,73,194,110
male,group D,some college,standard,completed,63,55,63,181,99.66666667
female,group A,associate's degree,free/reduced,none,41,51,48,140,79.66666667
male,group C,some high school,free/reduced,none,61,57,56,174,95.66666667
male,group C,some high school,standard,none,49,49,41,139,76.33333333
male,group B,associate's degree,free/reduced,none,44,41,38,123,67.33333333
male,group E,some high school,standard,none,30,26,22,78,42
male,group A,bachelor's degree,standard,completed,80,78,81,239,132.6666667
female,group D,some high school,standard,completed,61,74,72,207,117.6666667
female,group E,master's degree,standard,none,62,68,68,198,111.3333333
female,group B,associate's degree,standard,none,47,49,50,146,81.66666667
male,group B,high school,free/reduced,none,49,45,45,139,76.33333333
male,group A,some college,free/reduced,completed,50,47,54,151,84
male,group E,associate's degree,standard,none,72,64,63,199,108.6666667
male,group D,high school,free/reduced,none,42,39,34,115,62.66666667
female,group C,some college,standard,none,73,80,82,235,132.3333333
female,group C,some college,free/reduced,none,76,83,88,247,139.3333333
female,group D,associate's degree,standard,none,71,71,74,216,120.3333333
female,group A,some college,standard,none,58,70,67,195,110.6666667
female,group D,some high school,standard,none,73,86,82,241,136.3333333
female,group C,bachelor's degree,standard,none,65,72,74,211,119
male,group C,high school,free/reduced,none,27,34,36,97,55.66666667
male,group C,high school,standard,none,71,79,71,221,123.6666667
male,group C,associate's degree,free/reduced,completed,43,45,50,138,77.66666667
female,group B,some college,standard,none,79,86,92,257,145
male,group C,associate's degree,free/reduced,completed,78,81,82,241,134.6666667
male,group B,some high school,standard,completed,65,66,62,193,107
female,group E,some college,standard,completed,63,72,70,205,115.6666667
female,group D,some college,free/reduced,none,58,67,62,187,105.3333333
female,group D,bachelor's degree,standard,none,65,67,62,194,107.6666667
male,group B,some college,standard,none,79,67,67,213,115.6666667
male,group D,bachelor's degree,standard,completed,68,74,74,216,121.3333333
female,group D,associate's degree,standard,none,85,91,89,265,148.3333333
male,group B,high school,standard,completed,60,44,47,151,80.66666667
male,group C,some college,standard,completed,98,86,90,274,150
female,group C,some college,standard,none,58,67,72,197,112
female,group D,master's degree,standard,none,87,100,100,287,162.3333333
male,group E,associate's degree,standard,completed,66,63,64,193,106.6666667
female,group B,associate's degree,free/reduced,none,52,76,70,198,114.6666667
female,group B,some high school,standard,none,70,64,72,206,114
female,group D,associate's degree,free/reduced,completed,77,89,98,264,150.3333333
male,group C,high school,standard,none,62,55,49,166,90
male,group A,associate's degree,standard,none,54,53,47,154,84.66666667
female,group D,some college,standard,none,51,58,54,163,91.66666667
female,group E,bachelor's degree,standard,completed,99,100,100,299,166.3333333
male,group C,high school,standard,none,84,77,74,235,128.6666667
female,group B,bachelor's degree,free/reduced,none,75,85,82,242,136.3333333
female,group D,bachelor's degree,standard,none,78,82,79,239,133.3333333
female,group D,some high school,standard,none,51,63,61,175,99.66666667
female,group C,some college,standard,none,55,69,65,189,107.6666667
female,group C,bachelor's degree,standard,completed,79,92,89,260,147
male,group B,associate's degree,standard,completed,91,89,92,272,151
female,group C,some college,standard,completed,88,93,93,274,153.3333333
male,group D,high school,free/reduced,none,63,57,56,176,96.33333333
male,group E,some college,standard,none,83,80,73,236,129.6666667
female,group B,high school,standard,none,87,95,86,268,149.6666667
male,group B,some high school,standard,none,72,68,67,207,114
male,group D,some college,standard,completed,65,77,74,216,122.3333333
male,group D,master's degree,standard,none,82,82,74,238,131.3333333
female,group A,bachelor's degree,standard,none,51,49,51,151,83.66666667
male,group D,master's degree,standard,none,89,84,82,255,140.3333333
male,group C,some high school,free/reduced,completed,53,37,40,130,69
male,group E,some college,free/reduced,completed,87,74,70,231,125
female,group C,some college,standard,completed,75,81,84,240,135
male,group D,bachelor's degree,free/reduced,completed,74,79,75,228,127.3333333
male,group C,bachelor's degree,standard,none,58,55,48,161,88
male,group B,some high school,standard,completed,51,54,41,146,80.33333333
male,group E,high school,standard,none,70,55,56,181,97.33333333
female,group C,associate's degree,standard,none,59,66,67,192,108.3333333
male,group D,some college,standard,completed,71,61,69,201,110.3333333
female,group D,some high school,standard,none,76,72,71,219,120.6666667
female,group C,some college,free/reduced,none,59,62,64,185,103.6666667
female,group E,some college,free/reduced,completed,42,55,54,151,86.66666667
male,group A,high school,standard,none,57,43,47,147,79
male,group D,some college,standard,none,88,73,78,239,130
female,group C,some college,free/reduced,none,22,39,33,94,55.33333333
male,group B,some high school,standard,none,88,84,75,247,135.3333333
male,group C,associate's degree,free/reduced,none,73,68,66,207,113.6666667
female,group D,bachelor's degree,standard,completed,68,75,81,224,126.6666667
male,group E,associate's degree,free/reduced,completed,100,100,93,293,162
male,group A,some high school,standard,completed,62,67,69,198,111.3333333
male,group A,bachelor's degree,standard,none,77,67,68,212,115.6666667
female,group B,associate's degree,standard,completed,59,70,66,195,110.3333333
male,group D,bachelor's degree,standard,none,54,49,47,150,82
male,group D,some high school,standard,none,62,67,61,190,106
female,group C,some college,standard,completed,70,89,88,247,141.3333333
female,group E,high school,free/reduced,completed,66,74,78,218,123.3333333
male,group B,some college,free/reduced,none,60,60,60,180,100
female,group B,associate's degree,standard,completed,61,86,87,234,135.6666667
male,group D,associate's degree,free/reduced,none,66,62,64,192,106
male,group B,associate's degree,free/reduced,completed,82,78,74,234,128.6666667
female,group E,some college,free/reduced,completed,75,88,85,248,140.3333333
male,group B,master's degree,free/reduced,none,49,53,52,154,86.33333333
male,group C,high school,standard,none,52,53,49,154,85.33333333
female,group E,master's degree,standard,none,81,92,91,264,149
female,group C,bachelor's degree,standard,completed,96,100,100,296,165.3333333
male,group C,high school,free/reduced,completed,53,51,51,155,85.66666667
female,group B,master's degree,free/reduced,completed,58,76,78,212,122
female,group B,high school,standard,completed,68,83,78,229,130
female,group C,some college,free/reduced,completed,67,75,70,212,119
male,group A,high school,standard,completed,72,73,74,219,122
male,group E,some high school,standard,none,94,88,78,260,142
female,group D,some college,standard,none,79,86,81,246,137.6666667
female,group C,associate's degree,standard,none,63,67,70,200,112.3333333
female,group C,bachelor's degree,free/reduced,completed,43,51,54,148,84.33333333
female,group C,master's degree,standard,completed,81,91,87,259,145.6666667
female,group B,high school,free/reduced,completed,46,54,58,158,90
female,group C,associate's degree,standard,completed,71,77,77,225,126.3333333
female,group B,master's degree,free/reduced,completed,52,70,62,184,105.3333333
female,group D,some high school,standard,completed,97,100,100,297,165.6666667
male,group C,master's degree,free/reduced,completed,62,68,75,205,116
female,group C,some college,free/reduced,none,46,64,66,176,102
female,group E,high school,standard,none,50,50,47,147,81.33333333
female,group D,associate's degree,standard,none,65,69,70,204,114.3333333
male,group C,some high school,free/reduced,completed,45,52,49,146,82.33333333
male,group C,associate's degree,free/reduced,completed,65,67,65,197,109.6666667
male,group E,high school,standard,none,80,76,65,221,120.6666667
male,group D,some high school,standard,completed,62,66,68,196,110
male,group B,some high school,free/reduced,none,48,52,45,145,80.66666667
female,group C,bachelor's degree,standard,none,77,88,87,252,142.3333333
female,group E,associate's degree,standard,none,66,65,69,200,111.3333333
male,group D,some college,standard,completed,76,83,79,238,133.3333333
female,group B,some high school,standard,none,62,64,66,192,107.3333333
male,group D,some college,standard,completed,77,62,62,201,108.3333333
female,group C,master's degree,standard,completed,69,84,85,238,135.6666667
male,group D,associate's degree,standard,none,61,55,52,168,91.66666667
male,group C,some high school,free/reduced,completed,59,69,65,193,109
male,group E,high school,free/reduced,none,55,56,51,162,89.66666667
female,group B,some college,free/reduced,none,45,53,55,153,87
female,group B,bachelor's degree,free/reduced,none,78,79,76,233,129.3333333
female,group C,associate's degree,standard,completed,67,84,86,237,135.6666667
female,group D,some college,free/reduced,none,65,81,77,223,127
male,group C,associate's degree,standard,none,69,77,69,215,120.3333333
female,group B,associate's degree,standard,none,57,69,68,194,110.3333333
male,group C,some college,standard,none,59,41,42,142,75
male,group D,some high school,standard,completed,74,71,78,223,124
male,group E,bachelor's degree,standard,none,82,62,62,206,110
male,group E,high school,standard,completed,81,80,76,237,131
female,group B,some college,free/reduced,none,74,81,76,231,129.3333333
female,group B,some college,free/reduced,none,58,61,66,185,104
male,group D,some high school,free/reduced,completed,80,79,79,238,132
male,group C,some college,free/reduced,none,35,28,27,90,48.33333333
female,group C,high school,free/reduced,none,42,62,60,164,95.33333333
male,group C,associate's degree,free/reduced,completed,60,51,56,167,91.33333333
male,group E,high school,standard,completed,87,91,81,259,143.6666667
male,group B,some high school,standard,completed,84,83,75,242,133.3333333
female,group E,associate's degree,free/reduced,completed,83,86,88,257,143.6666667
female,group C,high school,free/reduced,none,34,42,39,115,65.33333333
male,group B,high school,free/reduced,none,66,77,70,213,120
male,group B,some high school,standard,completed,61,56,56,173,95
female,group D,high school,standard,completed,56,68,74,198,113.3333333
male,group B,associate's degree,standard,none,87,85,73,245,134.3333333
female,group C,some high school,free/reduced,none,55,65,62,182,103
male,group D,some high school,standard,none,86,80,75,241,132
female,group B,associate's degree,standard,completed,52,66,73,191,110
female,group E,master's degree,free/reduced,none,45,56,54,155,88.33333333
female,group C,some college,standard,none,72,72,71,215,119.3333333
male,group D,high school,standard,none,57,50,54,161,88.33333333
male,group A,some high school,free/reduced,none,68,72,64,204,113.3333333
female,group C,some college,standard,completed,88,95,94,277,155.3333333
male,group D,some college,standard,none,76,64,66,206,112
male,group C,associate's degree,standard,none,46,43,42,131,72
female,group B,bachelor's degree,standard,none,67,86,83,236,135
male,group E,some high school,standard,none,92,87,78,257,140.6666667
male,group C,bachelor's degree,standard,completed,83,82,84,249,138.3333333
male,group D,associate's degree,standard,none,80,75,77,232,128
male,group D,bachelor's degree,free/reduced,none,63,66,67,196,109.6666667
female,group D,some high school,standard,completed,64,60,74,198,110.6666667
male,group B,some college,standard,none,54,52,51,157,86.66666667
male,group C,associate's degree,standard,none,84,80,80,244,134.6666667
male,group D,high school,free/reduced,completed,73,68,66,207,113.6666667
female,group E,bachelor's degree,standard,none,80,83,83,246,137.3333333
female,group D,high school,standard,none,56,52,55,163,90
male,group E,some college,standard,none,59,51,43,153,82.33333333
male,group D,some high school,standard,none,75,74,69,218,120.3333333
male,group C,associate's degree,standard,none,85,76,71,232,126.3333333
male,group E,associate's degree,standard,none,89,76,74,239,129.6666667
female,group B,high school,standard,completed,58,70,68,196,111.3333333
female,group B,high school,standard,none,65,64,62,191,105.6666667
male,group C,high school,standard,none,68,60,53,181,98
male,group A,some high school,standard,completed,47,49,49,145,81
female,group D,some college,free/reduced,none,71,83,83,237,134.3333333
female,group B,some high school,standard,completed,60,70,70,200,113.3333333
male,group D,master's degree,standard,none,80,80,72,232,128
male,group D,high school,standard,none,54,52,52,158,87.33333333
female,group E,some college,standard,none,62,73,70,205,116
female,group C,associate's degree,free/reduced,none,64,73,68,205,115.3333333
male,group C,associate's degree,standard,completed,78,77,77,232,128.6666667
female,group B,some college,standard,none,70,75,78,223,125.3333333
female,group C,master's degree,free/reduced,completed,65,81,81,227,129.6666667
female,group C,some high school,free/reduced,completed,64,79,77,220,125.3333333
male,group C,some college,standard,completed,79,79,78,236,131
female,group C,some high school,free/reduced,none,44,50,51,145,82
female,group E,high school,standard,none,99,93,90,282,155
male,group D,high school,standard,none,76,73,68,217,119.3333333
male,group D,some high school,free/reduced,none,59,42,41,142,75
female,group C,bachelor's degree,standard,none,63,75,81,219,125
female,group D,high school,standard,none,69,72,77,218,122.3333333
female,group D,associate's degree,standard,completed,88,92,95,275,154
female,group E,some college,free/reduced,none,71,76,70,217,121
male,group C,bachelor's degree,standard,none,69,63,61,193,105.6666667
male,group C,some college,standard,none,58,49,42,149,80
female,group D,associate's degree,free/reduced,none,47,53,58,158,89.66666667
female,group D,some college,standard,none,65,70,71,206,115.6666667
male,group B,some college,standard,completed,88,85,76,249,136.6666667
male,group C,bachelor's degree,standard,none,83,78,73,234,128.3333333
female,group C,some high school,standard,completed,85,92,93,270,151.6666667
female,group E,high school,standard,completed,59,63,75,197,111.6666667
female,group C,some high school,free/reduced,none,65,86,80,231,132.3333333
male,group B,bachelor's degree,free/reduced,none,73,56,57,186,99.66666667
male,group D,high school,standard,none,53,52,42,147,80.33333333
male,group D,high school,standard,none,45,48,46,139,77.66666667
female,group D,bachelor's degree,free/reduced,none,73,79,84,236,133
female,group D,some college,free/reduced,completed,70,78,78,226,127.3333333
female,group B,some high school,standard,none,37,46,46,129,73.66666667
male,group B,associate's degree,standard,completed,81,82,82,245,136.3333333
male,group E,associate's degree,standard,completed,97,82,88,267,145.6666667
female,group B,some high school,standard,none,67,89,82,238,136.3333333
male,group B,bachelor's degree,free/reduced,none,88,75,76,239,130
male,group E,some high school,standard,completed,77,76,77,230,127.6666667
male,group C,associate's degree,standard,none,76,70,68,214,117.3333333
male,group D,some high school,standard,none,86,73,70,229,124
male,group C,some high school,standard,completed,63,60,57,180,99
female,group E,bachelor's degree,standard,none,65,73,75,213,120.3333333
male,group D,high school,free/reduced,completed,78,77,80,235,130.6666667
male,group B,associate's degree,free/reduced,none,67,62,60,189,103.6666667
male,group A,some high school,standard,completed,46,41,43,130,71.33333333
male,group E,associate's degree,standard,completed,71,74,68,213,118.3333333
male,group C,high school,free/reduced,completed,40,46,50,136,77.33333333
male,group D,associate's degree,free/reduced,none,90,87,75,252,138
male,group A,some college,free/reduced,completed,81,78,81,240,133
male,group D,some high school,free/reduced,none,56,54,52,162,89.33333333
female,group C,associate's degree,standard,completed,67,84,81,232,132.3333333
male,group B,associate's degree,standard,none,80,76,64,220,120
female,group C,associate's degree,standard,completed,74,75,83,232,130
male,group A,some college,standard,none,69,67,69,205,113.6666667
male,group E,some college,standard,completed,99,87,81,267,145
male,group C,some high school,standard,none,51,52,44,147,81
female,group B,associate's degree,free/reduced,none,53,71,67,191,109.6666667
female,group D,high school,free/reduced,none,49,57,52,158,89
female,group B,associate's degree,standard,none,73,76,80,229,128.3333333
male,group B,bachelor's degree,standard,none,66,60,57,183,100
male,group D,bachelor's degree,standard,completed,67,61,68,196,108.3333333
female,group C,associate's degree,free/reduced,completed,68,67,69,204,113.3333333
female,group C,bachelor's degree,standard,completed,59,64,75,198,112.3333333
male,group C,high school,standard,none,71,66,65,202,111
female,group D,master's degree,standard,completed,77,82,91,250,141
male,group C,associate's degree,standard,none,83,72,78,233,127.6666667
male,group B,bachelor's degree,standard,none,63,71,69,203,114.3333333
female,group D,associate's degree,free/reduced,none,56,65,63,184,104
female,group C,high school,free/reduced,completed,67,79,84,230,131
female,group E,high school,standard,none,75,86,79,240,135
female,group C,some college,standard,none,71,81,80,232,131
female,group C,some high school,free/reduced,none,43,53,53,149,85
female,group C,high school,free/reduced,none,41,46,43,130,73
female,group C,some college,standard,none,82,90,94,266,150
male,group C,some college,standard,none,61,61,62,184,102.3333333
male,group A,some college,free/reduced,none,28,23,19,70,37.33333333
male,group C,associate's degree,standard,completed,82,75,77,234,128.6666667
female,group B,some high school,standard,none,41,55,51,147,84.33333333
male,group C,high school,standard,none,71,60,61,192,104.3333333
male,group C,associate's degree,standard,none,47,37,35,119,63.66666667
male,group E,associate's degree,standard,completed,62,56,53,171,93.33333333
male,group B,associate's degree,standard,none,90,78,81,249,136
female,group C,bachelor's degree,standard,none,83,93,95,271,153
female,group B,some college,free/reduced,none,61,68,66,195,109.6666667
male,group D,some high school,standard,completed,76,70,69,215,118
male,group C,associate's degree,standard,none,49,51,43,143,79
female,group B,some high school,free/reduced,none,24,38,27,89,51.33333333
female,group D,some high school,free/reduced,completed,35,55,60,150,88.33333333
male,group C,high school,free/reduced,none,58,61,52,171,94.66666667
female,group C,high school,standard,none,61,73,63,197,111
female,group B,high school,standard,completed,69,76,74,219,123
male,group D,associate's degree,standard,completed,67,72,67,206,115
male,group D,some college,standard,none,79,73,67,219,119.6666667
female,group C,high school,standard,none,72,80,75,227,127.3333333
male,group B,some college,standard,none,62,61,57,180,99.33333333
female,group C,bachelor's degree,standard,completed,77,94,95,266,151.6666667
male,group D,high school,free/reduced,none,75,74,66,215,118.3333333
male,group E,associate's degree,standard,none,87,74,76,237,129
female,group B,bachelor's degree,standard,none,52,65,69,186,106.6666667
male,group E,some college,standard,none,66,57,52,175,94.66666667
female,group C,some college,standard,completed,63,78,80,221,126.3333333
female,group C,associate's degree,standard,none,46,58,57,161,92
female,group C,some college,standard,none,59,71,70,200,113.6666667
female,group B,bachelor's degree,standard,none,61,72,70,203,115
male,group A,associate's degree,standard,none,63,61,61,185,102.3333333
female,group C,some college,free/reduced,completed,42,66,69,177,104
male,group D,some college,free/reduced,none,59,62,61,182,101.6666667
female,group D,some college,standard,none,80,90,89,259,146
female,group B,high school,standard,none,58,62,59,179,100
male,group B,some high school,standard,completed,85,84,78,247,136.3333333
female,group C,some college,standard,none,52,58,58,168,94.66666667
female,group D,some high school,free/reduced,none,27,34,32,93,53
male,group C,some college,standard,none,59,60,58,177,98.33333333
male,group A,bachelor's degree,free/reduced,completed,49,58,60,167,95
male,group C,high school,standard,completed,69,58,53,180,97
male,group C,bachelor's degree,free/reduced,none,61,66,61,188,105
female,group A,some high school,free/reduced,none,44,64,58,166,96
female,group D,some high school,standard,none,73,84,85,242,137
male,group E,some college,standard,none,84,77,71,232,126.6666667
female,group C,some college,free/reduced,completed,45,73,70,188,110.3333333
male,group D,some high school,standard,none,74,74,72,220,122
female,group D,some college,standard,completed,82,97,96,275,156
female,group D,bachelor's degree,standard,none,59,70,73,202,115
male,group E,associate's degree,free/reduced,none,46,43,41,130,71.33333333
female,group D,some high school,standard,none,80,90,82,252,141.3333333
female,group D,master's degree,free/reduced,completed,85,95,100,280,158.3333333
female,group A,some high school,standard,none,71,83,77,231,130.3333333
male,group A,bachelor's degree,standard,none,66,64,62,192,106
female,group B,associate's degree,standard,none,80,86,83,249,139.3333333
male,group C,associate's degree,standard,completed,87,100,95,282,159
male,group C,master's degree,free/reduced,none,79,81,71,231,127.6666667
female,group E,some high school,free/reduced,none,38,49,45,132,75.33333333
female,group A,some high school,free/reduced,none,38,43,43,124,70
female,group E,some college,standard,none,67,76,75,218,123
female,group E,bachelor's degree,standard,none,64,73,70,207,116.6666667
female,group C,associate's degree,free/reduced,none,57,78,67,202,115.6666667
female,group D,high school,standard,none,62,64,64,190,106
male,group D,master's degree,standard,none,73,70,75,218,121
male,group E,some high school,free/reduced,completed,73,67,59,199,108.3333333
female,group D,some college,standard,none,77,68,77,222,122.3333333
male,group E,some college,standard,none,76,67,67,210,114.6666667
male,group C,associate's degree,standard,completed,57,54,56,167,92.33333333
female,group C,some high school,standard,completed,65,74,77,216,122.3333333
male,group A,high school,free/reduced,none,48,45,41,134,73.33333333
female,group B,high school,free/reduced,none,50,67,63,180,103.3333333
female,group C,associate's degree,standard,none,85,89,95,269,151
male,group B,some high school,standard,none,74,63,57,194,104.6666667
male,group D,some high school,standard,none,60,59,54,173,95.33333333
female,group C,some high school,standard,completed,59,54,67,180,100.3333333
male,group A,some college,standard,none,53,43,43,139,75
female,group A,some college,free/reduced,none,49,65,55,169,96.33333333
female,group D,high school,standard,completed,88,99,100,287,162
female,group C,high school,standard,none,54,59,62,175,98.66666667
female,group C,some high school,standard,none,63,73,68,204,115
male,group B,associate's degree,standard,completed,65,65,63,193,107
female,group B,associate's degree,standard,none,82,80,77,239,132
female,group D,high school,free/reduced,completed,52,57,56,165,92.66666667
male,group D,associate's degree,standard,completed,87,84,85,256,141.6666667
female,group D,master's degree,standard,completed,70,71,74,215,120
male,group E,some college,standard,completed,84,83,78,245,135.3333333
male,group D,associate's degree,standard,none,71,66,60,197,107.6666667
male,group B,some high school,standard,completed,63,67,67,197,110.3333333
female,group C,bachelor's degree,free/reduced,completed,51,72,79,202,117.6666667
male,group E,high school,standard,none,84,73,69,226,122.6666667
male,group C,bachelor's degree,standard,completed,71,74,68,213,118.3333333
male,group C,associate's degree,standard,none,74,73,67,214,118
male,group D,some college,standard,none,68,59,62,189,103.3333333
male,group E,high school,free/reduced,completed,57,56,54,167,92.33333333
female,group C,associate's degree,free/reduced,completed,82,93,93,268,151.3333333
female,group D,high school,standard,completed,57,58,64,179,100.3333333
female,group D,master's degree,free/reduced,completed,47,58,67,172,99
female,group A,some high school,standard,completed,59,85,80,224,129.6666667
male,group B,some college,free/reduced,none,41,39,34,114,62.33333333
female,group C,some college,free/reduced,none,62,67,62,191,106.6666667
male,group C,bachelor's degree,standard,none,86,83,86,255,141.3333333
male,group C,some high school,free/reduced,none,69,71,65,205,113.6666667
male,group A,some high school,free/reduced,none,65,59,53,177,96.33333333
male,group C,some high school,free/reduced,none,68,63,54,185,100.6666667
male,group C,associate's degree,free/reduced,none,64,66,59,189,104.6666667
female,group C,high school,standard,none,61,72,70,203,115
male,group C,high school,standard,none,61,56,55,172,94.33333333
female,group A,some high school,free/reduced,none,47,59,50,156,88.33333333
male,group C,some high school,standard,none,73,66,66,205,112.3333333
male,group C,some college,free/reduced,completed,50,48,53,151,84
male,group D,associate's degree,standard,none,75,68,64,207,113
male,group D,associate's degree,free/reduced,none,75,66,73,214,117.6666667
male,group C,high school,standard,none,70,56,51,177,94.66666667
male,group D,some high school,standard,completed,89,88,82,259,143
female,group C,some college,standard,completed,67,81,79,227,129
female,group D,high school,standard,none,78,81,80,239,133.3333333
female,group A,some high school,free/reduced,none,59,73,69,201,114.3333333
female,group B,associate's degree,standard,none,73,83,76,232,130.3333333
male,group A,some high school,free/reduced,none,79,82,73,234,129.6666667
female,group C,some high school,standard,completed,67,74,77,218,123
male,group D,some college,free/reduced,none,69,66,60,195,107
male,group C,high school,standard,completed,86,81,80,247,136
male,group B,high school,standard,none,47,46,42,135,74.33333333
male,group B,associate's degree,standard,none,81,73,72,226,123.6666667
female,group C,some college,free/reduced,completed,64,85,85,234,134.6666667
female,group E,some college,standard,none,100,92,97,289,159.3333333
female,group C,associate's degree,free/reduced,none,65,77,74,216,122.3333333
male,group C,some college,free/reduced,none,65,58,49,172,93
female,group C,associate's degree,free/reduced,none,53,61,62,176,99.66666667
male,group C,bachelor's degree,free/reduced,none,37,56,47,140,81
female,group D,bachelor's degree,standard,none,79,89,89,257,145
male,group D,associate's degree,free/reduced,none,53,54,48,155,85.66666667
female,group E,bachelor's degree,standard,none,100,100,100,300,166.6666667
male,group B,high school,standard,completed,72,65,68,205,112.6666667
male,group C,bachelor's degree,free/reduced,none,53,58,55,166,93
male,group B,some college,free/reduced,none,54,54,45,153,84
female,group E,some college,standard,none,71,70,76,217,121
female,group C,some college,free/reduced,none,77,90,91,258,146.3333333
male,group A,bachelor's degree,standard,completed,75,58,62,195,105
female,group C,some college,standard,none,84,87,91,262,146.6666667
female,group D,associate's degree,free/reduced,none,26,31,38,95,54.66666667
male,group A,high school,free/reduced,completed,72,67,65,204,112
female,group A,high school,free/reduced,completed,77,88,85,250,141
male,group C,some college,standard,none,91,74,76,241,130.3333333
female,group C,associate's degree,standard,completed,83,85,90,258,144.3333333
female,group C,high school,standard,none,63,69,74,206,116.3333333
female,group C,associate's degree,standard,completed,68,86,84,238,136
female,group D,some high school,standard,none,59,67,61,187,105
female,group B,associate's degree,standard,completed,90,90,91,271,150.6666667
female,group D,bachelor's degree,standard,completed,71,76,83,230,129.6666667
male,group E,bachelor's degree,standard,completed,76,62,66,204,110.6666667
male,group D,associate's degree,standard,none,80,68,72,220,120
female,group D,master's degree,standard,none,55,64,70,189,107.6666667
male,group E,associate's degree,standard,none,76,71,67,214,117.3333333
male,group B,high school,standard,completed,73,71,68,212,117
female,group D,associate's degree,free/reduced,none,52,59,56,167,94
male,group C,some college,free/reduced,none,68,68,61,197,108.6666667
male,group A,high school,standard,none,59,52,46,157,85
female,group B,associate's degree,standard,none,49,52,54,155,87
male,group C,high school,standard,none,70,74,71,215,120
male,group D,some college,free/reduced,none,61,47,56,164,89
female,group C,associate's degree,free/reduced,none,60,75,74,209,119.3333333
male,group B,some high school,standard,completed,64,53,57,174,94.66666667
male,group A,associate's degree,free/reduced,completed,79,82,82,243,135.6666667
female,group A,associate's degree,free/reduced,none,65,85,76,226,129
female,group C,associate's degree,standard,none,64,64,70,198,110.6666667
female,group C,some college,standard,none,83,83,90,256,143
female,group C,bachelor's degree,standard,none,81,88,90,259,145.6666667
female,group B,high school,standard,none,54,64,68,186,106
male,group D,high school,standard,completed,68,64,66,198,109.3333333
female,group C,some college,standard,none,54,48,52,154,84.66666667
female,group D,some college,free/reduced,completed,59,78,76,213,122.3333333
female,group B,some high school,standard,none,66,69,68,203,113.3333333
male,group E,some college,standard,none,76,71,72,219,120.6666667
female,group D,master's degree,standard,none,74,79,82,235,132
female,group B,associate's degree,standard,completed,94,87,92,273,150.6666667
male,group C,some college,free/reduced,none,63,61,54,178,97.66666667
female,group E,associate's degree,standard,completed,95,89,92,276,152.3333333
female,group D,master's degree,free/reduced,none,40,59,54,153,88.66666667
female,group B,some high school,standard,none,82,82,80,244,135.3333333
male,group A,high school,standard,none,68,70,66,204,113.3333333
male,group B,bachelor's degree,free/reduced,none,55,59,54,168,93.66666667
male,group C,master's degree,standard,none,79,78,77,234,129.6666667
female,group C,bachelor's degree,standard,none,86,92,87,265,148
male,group D,some college,standard,none,76,71,73,220,121.3333333
male,group A,some high school,standard,none,64,50,43,157,83.33333333
male,group D,some high school,free/reduced,none,62,49,52,163,88
female,group B,some high school,standard,completed,54,61,62,177,100
female,group B,master's degree,free/reduced,completed,77,97,94,268,153
female,group C,some high school,standard,completed,76,87,85,248,140
female,group D,some college,standard,none,74,89,84,247,140
female,group E,some college,standard,completed,66,74,73,213,120
female,group D,some high school,standard,completed,66,78,78,222,126
female,group B,high school,free/reduced,completed,67,78,79,224,127
male,group D,some college,standard,none,71,49,52,172,91
female,group C,associate's degree,standard,none,91,86,84,261,143.6666667
male,group D,bachelor's degree,standard,none,69,58,57,184,99.66666667
male,group C,master's degree,free/reduced,none,54,59,50,163,90.66666667
male,group C,high school,standard,completed,53,52,49,154,85
male,group E,some college,standard,none,68,60,59,187,102
male,group C,some high school,free/reduced,completed,56,61,60,177,99.33333333
female,group C,high school,free/reduced,none,36,53,43,132,76
female,group D,bachelor's degree,free/reduced,none,29,41,47,117,68.33333333
female,group C,associate's degree,standard,none,62,74,70,206,116.6666667
female,group C,associate's degree,standard,completed,68,67,73,208,116
female,group C,some high school,standard,none,47,54,53,154,87
male,group E,associate's degree,standard,completed,62,61,58,181,100
female,group E,associate's degree,standard,completed,79,88,94,261,147.6666667
male,group B,high school,standard,completed,73,69,68,210,115.6666667
female,group C,bachelor's degree,free/reduced,completed,66,83,83,232,132.6666667
male,group C,associate's degree,standard,completed,51,60,58,169,95.66666667
female,group D,high school,standard,none,51,66,62,179,102.3333333
male,group E,bachelor's degree,standard,completed,85,66,71,222,119.6666667
male,group A,associate's degree,standard,completed,97,92,86,275,151
male,group C,high school,standard,completed,75,69,68,212,116.3333333
male,group D,associate's degree,free/reduced,completed,79,82,80,241,134.3333333
female,group C,associate's degree,standard,none,81,77,79,237,131
female,group D,associate's degree,standard,none,82,95,89,266,150
female,group D,master's degree,standard,none,64,63,66,193,107.3333333
male,group E,some high school,free/reduced,completed,78,83,80,241,134.6666667
female,group A,some high school,standard,completed,92,100,97,289,162
male,group C,high school,standard,completed,72,67,64,203,111.3333333
female,group C,high school,free/reduced,none,62,67,64,193,108
male,group C,master's degree,standard,none,79,72,69,220,120.3333333
male,group C,some high school,free/reduced,none,79,76,65,220,120.3333333
male,group B,bachelor's degree,free/reduced,completed,87,90,88,265,147.6666667
female,group B,associate's degree,standard,none,40,48,50,138,78.66666667
male,group D,some college,free/reduced,none,77,62,64,203,109.6666667
male,group E,associate's degree,standard,none,53,45,40,138,74.33333333
female,group C,some college,free/reduced,none,32,39,33,104,58.66666667
female,group C,associate's degree,standard,completed,55,72,79,206,119
male,group C,master's degree,free/reduced,none,61,67,66,194,109
female,group B,associate's degree,free/reduced,none,53,70,70,193,111
male,group D,some high school,standard,none,73,66,62,201,109.6666667
female,group D,some college,standard,completed,74,75,79,228,127.3333333
female,group C,some college,standard,none,63,74,74,211,119.6666667
male,group C,bachelor's degree,standard,completed,96,90,92,278,153.3333333
female,group D,some college,free/reduced,completed,63,80,80,223,127.6666667
male,group B,bachelor's degree,free/reduced,none,48,51,46,145,80.66666667
male,group B,associate's degree,standard,none,48,43,45,136,74.66666667
female,group E,bachelor's degree,free/reduced,completed,92,100,100,292,164
female,group D,master's degree,free/reduced,completed,61,71,78,210,119.6666667
male,group B,high school,free/reduced,none,63,48,47,158,84.33333333
male,group D,bachelor's degree,free/reduced,none,68,68,67,203,112.6666667
male,group B,some college,standard,completed,71,75,70,216,120.3333333
male,group A,bachelor's degree,standard,none,91,96,92,279,155.6666667
female,group C,some college,standard,none,53,62,56,171,96.33333333
female,group C,high school,free/reduced,completed,50,66,64,180,103.3333333
female,group E,high school,standard,none,74,81,71,226,126
male,group A,associate's degree,free/reduced,completed,40,55,53,148,85.33333333
male,group A,some college,standard,completed,61,51,52,164,89
female,group B,high school,standard,none,81,91,89,261,147
female,group B,some college,free/reduced,completed,48,56,58,162,92
female,group D,master's degree,standard,none,53,61,68,182,103.6666667
female,group D,some high school,standard,none,81,97,96,274,155.6666667
female,group E,some high school,standard,none,77,79,80,236,131.6666667
female,group D,bachelor's degree,free/reduced,none,63,73,78,214,121.6666667
female,group D,associate's degree,standard,completed,73,75,80,228,127.6666667
female,group D,some college,standard,none,69,77,77,223,125.6666667
female,group C,associate's degree,standard,none,65,76,76,217,123
female,group A,high school,standard,none,55,73,73,201,115.6666667
female,group C,bachelor's degree,free/reduced,none,44,63,62,169,98
female,group C,some college,standard,none,54,64,65,183,104
female,group A,some high school,standard,none,48,66,65,179,103.3333333
male,group C,some college,free/reduced,none,58,57,54,169,93.33333333
male,group A,some high school,standard,none,71,62,50,183,98.33333333
male,group E,bachelor's degree,standard,none,68,68,64,200,110.6666667
female,group E,high school,standard,none,74,76,73,223,124
female,group C,bachelor's degree,standard,completed,92,100,99,291,163.3333333
female,group C,bachelor's degree,standard,completed,56,79,72,207,119.3333333
male,group B,high school,free/reduced,none,30,24,15,69,36
male,group A,some high school,standard,none,53,54,48,155,85.66666667
female,group D,high school,standard,none,69,77,73,219,123
female,group D,some high school,standard,none,65,82,81,228,130.3333333
female,group D,master's degree,standard,none,54,60,63,177,100
female,group C,high school,standard,none,29,29,30,88,49
female,group E,some college,standard,none,76,78,80,234,130.6666667
male,group D,high school,free/reduced,none,60,57,51,168,92
male,group D,master's degree,free/reduced,completed,84,89,90,263,147.3333333
male,group C,some high school,standard,none,75,72,62,209,114.3333333
female,group C,associate's degree,standard,none,85,84,82,251,139
female,group C,master's degree,free/reduced,none,40,58,54,152,88
female,group E,some college,standard,none,61,64,62,187,104.3333333
female,group B,associate's degree,standard,none,58,63,65,186,104.6666667
male,group D,some college,free/reduced,completed,69,60,63,192,105
female,group C,some college,standard,none,58,59,66,183,102.6666667
male,group C,bachelor's degree,standard,completed,94,90,91,275,152
female,group C,associate's degree,standard,none,65,77,74,216,122.3333333
female,group A,associate's degree,standard,none,82,93,93,268,151.3333333
female,group C,high school,standard,none,60,68,72,200,113.3333333
female,group E,bachelor's degree,standard,none,37,45,38,120,67.66666667
male,group D,bachelor's degree,standard,none,88,78,83,249,136.6666667
male,group D,master's degree,standard,none,95,81,84,260,141.6666667
male,group C,associate's degree,free/reduced,completed,65,73,68,206,115.6666667
female,group C,high school,free/reduced,none,35,61,54,150,88.33333333
male,group B,bachelor's degree,free/reduced,none,62,63,56,181,100
male,group C,high school,free/reduced,completed,58,51,52,161,88
male,group A,some college,standard,completed,100,96,86,282,154.6666667
female,group E,bachelor's degree,free/reduced,none,61,58,62,181,100.3333333
male,group D,some college,standard,completed,100,97,99,296,164
male,group B,associate's degree,free/reduced,completed,69,70,63,202,111.6666667
male,group D,associate's degree,standard,none,61,48,46,155,83
male,group D,some college,free/reduced,none,49,57,46,152,85
female,group C,some high school,standard,completed,44,51,55,150,85.33333333
male,group D,some college,standard,none,67,64,70,201,111.6666667
male,group B,high school,standard,none,79,60,65,204,109.6666667
female,group B,bachelor's degree,standard,completed,66,74,81,221,125.3333333
female,group C,high school,standard,none,75,88,85,248,140.3333333
male,group D,some high school,standard,none,84,84,80,248,137.3333333
male,group A,high school,standard,none,71,74,64,209,115.6666667
female,group B,high school,free/reduced,completed,67,80,81,228,129.6666667
female,group D,some high school,standard,completed,80,92,88,260,146.6666667
male,group E,some college,standard,none,86,76,74,236,128.6666667
female,group D,associate's degree,standard,none,76,74,73,223,123.3333333
male,group D,high school,standard,none,41,52,51,144,82.33333333
female,group D,associate's degree,free/reduced,completed,74,88,90,252,143.3333333
female,group B,some high school,free/reduced,none,72,81,79,232,130.6666667
female,group E,high school,standard,completed,74,79,80,233,130.6666667
male,group B,high school,standard,none,70,65,60,195,106.6666667
female,group B,bachelor's degree,standard,completed,65,81,81,227,129.6666667
female,group D,associate's degree,standard,none,59,70,65,194,109.6666667
female,group E,high school,free/reduced,none,64,62,68,194,108
female,group B,high school,standard,none,50,53,55,158,88.66666667
female,group D,some college,standard,completed,69,79,81,229,129.6666667
male,group C,some high school,free/reduced,completed,51,56,53,160,89.66666667
female,group A,high school,standard,completed,68,80,76,224,126.6666667
female,group D,some college,standard,completed,85,86,98,269,151
female,group A,associate's degree,standard,completed,65,70,74,209,117.6666667
female,group B,some high school,standard,none,73,79,79,231,129.6666667
female,group B,some college,standard,none,62,67,67,196,110
male,group C,associate's degree,free/reduced,none,77,67,64,208,113
male,group D,some high school,standard,none,69,66,61,196,107.6666667
female,group D,associate's degree,free/reduced,none,43,60,58,161,93
male,group D,associate's degree,standard,none,90,87,85,262,144.6666667
male,group C,some college,free/reduced,none,74,77,73,224,124.6666667
male,group C,some high school,standard,none,73,66,63,202,110.3333333
female,group D,some college,free/reduced,none,55,71,69,195,111.6666667
female,group C,high school,standard,none,65,69,67,201,112.3333333
male,group D,associate's degree,standard,none,80,63,63,206,110.6666667
female,group C,some high school,free/reduced,completed,50,60,60,170,96.66666667
female,group C,some college,free/reduced,completed,63,73,71,207,117
female,group B,bachelor's degree,free/reduced,none,77,85,87,249,140.3333333
male,group C,some college,standard,none,73,74,61,208,114.3333333
male,group D,associate's degree,standard,completed,81,72,77,230,126.3333333
female,group C,high school,free/reduced,none,66,76,68,210,118
male,group D,associate's degree,free/reduced,none,52,57,50,159,88.66666667
female,group C,some college,standard,none,69,78,76,223,125.6666667
female,group C,associate's degree,standard,completed,65,84,84,233,133.6666667
female,group D,high school,standard,completed,69,77,78,224,126.3333333
female,group B,some college,standard,completed,50,64,66,180,103.3333333
female,group E,some college,standard,completed,73,78,76,227,127
female,group C,some high school,standard,completed,70,82,76,228,128.6666667
male,group D,associate's degree,free/reduced,none,81,75,78,234,129
male,group D,some college,free/reduced,none,63,61,60,184,101.6666667
female,group D,high school,standard,none,67,72,74,213,119.6666667
male,group B,high school,standard,none,60,68,60,188,105.3333333
male,group B,high school,standard,none,62,55,54,171,93.33333333
female,group C,some high school,free/reduced,completed,29,40,44,113,65.66666667
male,group B,some college,standard,completed,62,66,68,196,110
female,group E,master's degree,standard,completed,94,99,100,293,164
male,group E,some college,standard,completed,85,75,68,228,123.6666667
male,group D,associate's degree,free/reduced,none,77,78,73,228,126.3333333
male,group A,high school,free/reduced,none,53,58,44,155,85.66666667
male,group E,some college,free/reduced,none,93,90,83,266,146.3333333
female,group C,associate's degree,standard,none,49,53,53,155,87
female,group E,associate's degree,free/reduced,none,73,76,78,227,127
female,group C,bachelor's degree,free/reduced,completed,66,74,81,221,125.3333333
female,group D,associate's degree,standard,none,77,77,73,227,125.6666667
female,group C,some high school,standard,none,49,63,56,168,95.66666667
female,group D,some college,free/reduced,none,79,89,86,254,143
female,group C,associate's degree,standard,completed,75,82,90,247,139.6666667
female,group A,bachelor's degree,standard,none,59,72,70,201,114.3333333
female,group D,associate's degree,standard,completed,57,78,79,214,123.6666667
male,group C,high school,free/reduced,none,66,66,59,191,105.3333333
female,group E,bachelor's degree,standard,completed,79,81,82,242,135
female,group B,some high school,standard,none,57,67,72,196,111.6666667
male,group A,bachelor's degree,standard,completed,87,84,87,258,143
female,group D,some college,standard,none,63,64,67,194,108.3333333
female,group B,some high school,free/reduced,completed,59,63,64,186,104.3333333
male,group A,bachelor's degree,free/reduced,none,62,72,65,199,112
male,group D,high school,standard,none,46,34,36,116,62
male,group C,some college,standard,none,66,59,52,177,96
male,group D,high school,standard,none,89,87,79,255,140.3333333
female,group D,associate's degree,free/reduced,completed,42,61,58,161,93.33333333
male,group C,some college,standard,completed,93,84,90,267,147
female,group E,some high school,standard,completed,80,85,85,250,140
female,group D,some college,standard,none,98,100,99,297,165.3333333
male,group D,master's degree,standard,none,81,81,84,246,137
female,group B,some high school,standard,completed,60,70,74,204,116
female,group B,associate's degree,free/reduced,completed,76,94,87,257,146
male,group C,associate's degree,standard,completed,73,78,72,223,124.3333333
female,group C,associate's degree,standard,completed,96,96,99,291,162
female,group C,high school,standard,none,76,76,74,226,125.3333333
male,group E,associate's degree,free/reduced,completed,91,73,80,244,132.3333333
female,group C,some college,free/reduced,none,62,72,70,204,115.3333333
male,group D,some high school,free/reduced,completed,55,59,59,173,97
female,group B,some high school,free/reduced,completed,74,90,88,252,143.3333333
male,group C,high school,standard,none,50,48,42,140,76.66666667
male,group B,some college,standard,none,47,43,41,131,71.66666667
male,group E,some college,standard,completed,81,74,71,226,123.6666667
female,group E,associate's degree,standard,completed,65,75,77,217,123
male,group E,some high school,standard,completed,68,51,57,176,94.66666667
female,group D,high school,free/reduced,none,73,92,84,249,141.6666667
male,group C,some college,standard,none,53,39,37,129,68.33333333
female,group B,associate's degree,free/reduced,completed,68,77,80,225,127.3333333
male,group A,some high school,free/reduced,none,55,46,43,144,77.66666667
female,group C,some college,standard,completed,87,89,94,270,151
male,group D,some high school,standard,none,55,47,44,146,79
female,group E,some college,free/reduced,none,53,58,57,168,94.33333333
male,group C,master's degree,standard,none,67,57,59,183,99.66666667
male,group C,associate's degree,standard,none,92,79,84,255,139.3333333
female,group B,some college,free/reduced,completed,53,66,73,192,110.3333333
male,group D,associate's degree,standard,none,81,71,73,225,123
male,group C,high school,free/reduced,none,61,60,55,176,97
male,group D,bachelor's degree,standard,none,80,73,72,225,123.3333333
female,group A,associate's degree,free/reduced,none,37,57,56,150,87.66666667
female,group C,high school,standard,none,81,84,82,247,137.6666667
female,group C,associate's degree,standard,completed,59,73,72,204,116.3333333
male,group B,some college,free/reduced,none,55,55,47,157,86.33333333
male,group D,associate's degree,standard,none,72,79,74,225,126
male,group D,high school,standard,none,69,75,71,215,120.3333333
male,group C,some college,standard,none,69,64,68,201,111
female,group C,bachelor's degree,free/reduced,none,50,60,59,169,96
male,group B,some college,standard,completed,87,84,86,257,142.3333333
male,group D,some high school,standard,completed,71,69,68,208,115
male,group E,some college,standard,none,68,72,65,205,114
male,group C,master's degree,free/reduced,completed,79,77,75,231,127.6666667
female,group C,some high school,standard,completed,77,90,85,252,142.3333333
male,group C,associate's degree,free/reduced,none,58,55,53,166,91.33333333
female,group E,associate's degree,standard,none,84,95,92,271,152.6666667
male,group D,some college,standard,none,55,58,52,165,91.66666667
male,group E,bachelor's degree,free/reduced,completed,70,68,72,210,116.6666667
female,group D,some college,free/reduced,completed,52,59,65,176,100
male,group B,some college,standard,completed,69,77,77,223,125.6666667
female,group C,high school,free/reduced,none,53,72,64,189,108.3333333
female,group D,some high school,standard,none,48,58,54,160,90.66666667
male,group D,some high school,standard,completed,78,81,86,245,137.3333333
female,group B,high school,standard,none,62,62,63,187,104
male,group D,some college,standard,none,60,63,59,182,101.3333333
female,group B,high school,standard,none,74,72,72,218,120.6666667
female,group C,high school,standard,completed,58,75,77,210,120.6666667
male,group B,high school,standard,completed,76,62,60,198,106.6666667
female,group D,some high school,standard,none,68,71,75,214,120
male,group A,some college,free/reduced,none,58,60,57,175,97.33333333
male,group B,high school,standard,none,52,48,49,149,82
male,group D,bachelor's degree,standard,none,75,73,74,222,123
female,group B,some high school,free/reduced,completed,52,67,72,191,110
female,group C,bachelor's degree,free/reduced,none,62,78,79,219,125.3333333
male,group B,some college,standard,none,66,65,60,191,105.3333333
female,group B,some high school,free/reduced,none,49,58,55,162,91.66666667
female,group B,high school,standard,none,66,72,70,208,116.6666667
female,group C,some college,free/reduced,none,35,44,43,122,69.66666667
female,group A,some college,standard,completed,72,79,82,233,131.3333333
male,group E,associate's degree,standard,completed,94,85,82,261,142.6666667
female,group D,associate's degree,free/reduced,none,46,56,57,159,90.66666667
female,group B,master's degree,standard,none,77,90,84,251,141.6666667
female,group B,high school,free/reduced,completed,76,85,82,243,136.6666667
female,group C,associate's degree,standard,completed,52,59,62,173,98
male,group C,bachelor's degree,standard,completed,91,81,79,251,137
female,group B,some high school,standard,completed,32,51,44,127,74
female,group E,some high school,free/reduced,none,72,79,77,228,128
female,group B,some college,standard,none,19,38,32,89,53
male,group C,associate's degree,free/reduced,none,68,65,61,194,106.6666667
female,group C,master's degree,free/reduced,none,52,65,61,178,101.3333333
female,group B,high school,standard,none,48,62,60,170,97.33333333
female,group D,some college,free/reduced,none,60,66,70,196,110.6666667
male,group D,high school,free/reduced,none,66,74,69,209,117.3333333
male,group E,some high school,standard,completed,89,84,77,250,137
female,group B,high school,standard,none,42,52,51,145,82.66666667
female,group E,associate's degree,free/reduced,completed,57,68,73,198,113
male,group D,high school,standard,none,70,70,70,210,116.6666667
female,group E,associate's degree,free/reduced,none,70,84,81,235,133.3333333
male,group E,some college,standard,none,69,60,54,183,99
female,group C,associate's degree,standard,none,52,55,57,164,92
male,group C,some high school,standard,completed,67,73,68,208,116.3333333
male,group C,some high school,standard,completed,76,80,73,229,127.3333333
female,group E,associate's degree,standard,none,87,94,95,276,155
female,group B,some college,standard,none,82,85,87,254,142
female,group C,some college,standard,none,73,76,78,227,127
male,group A,some college,free/reduced,none,75,81,74,230,128.3333333
female,group D,some college,free/reduced,none,64,74,75,213,120.6666667
female,group E,high school,free/reduced,none,41,45,40,126,70.33333333
male,group C,high school,standard,none,90,75,69,234,126
male,group B,bachelor's degree,standard,none,59,54,51,164,89.66666667
male,group A,some high school,standard,none,51,31,36,118,61.66666667
male,group A,high school,free/reduced,none,45,47,49,141,79
female,group C,master's degree,standard,completed,54,64,67,185,105.3333333
male,group E,some high school,standard,completed,87,84,76,247,135.6666667
female,group C,high school,standard,none,72,80,83,235,132.6666667
male,group B,some high school,standard,completed,94,86,87,267,146.6666667
female,group A,bachelor's degree,standard,none,45,59,64,168,97
male,group D,bachelor's degree,free/reduced,completed,61,70,76,207,117.6666667
female,group B,high school,free/reduced,none,60,72,68,200,113.3333333
female,group C,some high school,standard,none,77,91,88,256,145
female,group A,some high school,standard,completed,85,90,92,267,149.6666667
female,group D,bachelor's degree,free/reduced,none,78,90,93,261,148
male,group E,some college,free/reduced,completed,49,52,51,152,85
female,group B,high school,free/reduced,none,71,87,82,240,136.3333333
female,group C,some high school,free/reduced,none,48,58,52,158,89.33333333
male,group C,high school,standard,none,62,67,58,187,104
female,group C,associate's degree,free/reduced,completed,56,68,70,194,110.6666667
female,group C,some high school,standard,none,65,69,76,210,118.3333333
female,group D,some high school,free/reduced,completed,69,86,81,236,134.3333333
male,group B,some high school,standard,none,68,54,53,175,94
female,group A,some college,free/reduced,none,61,60,57,178,98.33333333
female,group C,bachelor's degree,free/reduced,completed,74,86,89,249,141.3333333
male,group A,bachelor's degree,standard,none,64,60,58,182,100
female,group B,high school,standard,completed,77,82,89,248,139.6666667
male,group B,some college,standard,none,58,50,45,153,82.66666667
female,group C,high school,standard,completed,60,64,74,198,112
male,group E,high school,standard,none,73,64,57,194,105
female,group A,high school,standard,completed,75,82,79,236,132.3333333
male,group B,associate's degree,free/reduced,completed,58,57,53,168,92.66666667
female,group C,associate's degree,standard,none,66,77,73,216,122
female,group D,high school,free/reduced,none,39,52,46,137,78.33333333
male,group C,some high school,standard,none,64,58,51,173,94
female,group B,high school,free/reduced,completed,23,44,36,103,61
male,group B,some college,free/reduced,completed,74,77,76,227,126.6666667
female,group D,some high school,free/reduced,completed,40,65,64,169,99.33333333
male,group E,master's degree,standard,none,90,85,84,259,142.6666667
male,group C,master's degree,standard,completed,91,85,85,261,143.6666667
male,group D,high school,standard,none,64,54,50,168,90.66666667
female,group C,high school,standard,none,59,72,68,199,113
male,group D,associate's degree,standard,none,80,75,69,224,122.6666667
male,group C,master's degree,standard,none,71,67,67,205,113
female,group A,high school,standard,none,61,68,63,192,107.6666667
female,group E,some college,standard,none,87,85,93,265,147.6666667
male,group E,some high school,standard,none,82,67,61,210,112.6666667
male,group C,some high school,standard,none,62,64,55,181,100
female,group B,bachelor's degree,standard,none,97,97,96,290,161
male,group B,some college,free/reduced,none,75,68,65,208,113.6666667
female,group C,bachelor's degree,standard,none,65,79,81,225,128.3333333
male,group B,high school,standard,completed,52,49,46,147,80.66666667
male,group C,associate's degree,free/reduced,none,87,73,72,232,125.6666667
female,group C,associate's degree,standard,none,53,62,53,168,94.33333333
female,group E,master's degree,free/reduced,none,81,86,87,254,142.3333333
male,group D,bachelor's degree,free/reduced,completed,39,42,38,119,66.33333333
female,group C,some college,standard,completed,71,71,80,222,124.3333333
male,group C,associate's degree,standard,none,97,93,91,281,155
male,group D,some college,standard,completed,82,82,88,252,140.6666667
male,group C,high school,free/reduced,none,59,53,52,164,89.66666667
male,group B,associate's degree,standard,none,61,42,41,144,75.66666667
male,group E,associate's degree,free/reduced,completed,78,74,72,224,123.3333333
male,group C,associate's degree,free/reduced,none,49,51,51,151,84.33333333
male,group B,high school,standard,none,59,58,47,164,89.66666667
female,group C,some college,standard,completed,70,72,76,218,122
male,group B,associate's degree,standard,completed,82,84,78,244,135.3333333
male,group E,associate's degree,free/reduced,none,90,90,82,262,144.6666667
female,group C,bachelor's degree,free/reduced,none,43,62,61,166,96.33333333
male,group C,some college,free/reduced,none,80,64,66,210,113.3333333
male,group D,some college,standard,none,81,82,84,247,137.6666667
male,group C,some high school,standard,none,57,61,54,172,95.66666667
female,group D,some high school,standard,none,59,72,80,211,121
female,group D,associate's degree,standard,none,64,76,74,214,121.3333333
male,group C,bachelor's degree,standard,completed,63,64,66,193,107.6666667
female,group E,bachelor's degree,standard,completed,71,70,70,211,117
female,group B,high school,free/reduced,none,64,73,71,208,117.3333333
male,group D,bachelor's degree,free/reduced,none,55,46,44,145,78.33333333
female,group E,associate's degree,standard,none,51,51,54,156,87
female,group C,associate's degree,standard,completed,62,76,80,218,124.6666667
female,group E,associate's degree,standard,completed,93,100,95,288,161
male,group C,high school,free/reduced,none,54,72,59,185,105.3333333
female,group D,some college,free/reduced,none,69,65,74,208,115.6666667
male,group D,high school,free/reduced,none,44,51,48,143,80.66666667
female,group E,some college,standard,completed,86,85,91,262,146
female,group E,associate's degree,standard,none,85,92,85,262,146.3333333
female,group A,master's degree,free/reduced,none,50,67,73,190,110
male,group D,some high school,standard,completed,88,74,75,237,128.6666667
female,group E,associate's degree,standard,none,59,62,69,190,107
female,group E,some high school,free/reduced,none,32,34,38,104,58.66666667
male,group B,high school,free/reduced,none,36,29,27,92,49.33333333
female,group B,some high school,free/reduced,completed,63,78,79,220,125.6666667
male,group D,associate's degree,standard,completed,67,54,63,184,100.3333333
female,group D,some high school,standard,completed,65,78,82,225,128.3333333
male,group D,master's degree,standard,none,85,84,89,258,143.6666667
female,group C,master's degree,standard,none,73,78,74,225,125.6666667
female,group A,high school,free/reduced,completed,34,48,41,123,70.66666667
female,group D,bachelor's degree,free/reduced,completed,93,100,100,293,164.3333333
female,group D,some high school,free/reduced,none,67,84,84,235,134.3333333
male,group D,some college,standard,none,88,77,77,242,132
male,group B,high school,standard,none,57,48,51,156,85
female,group D,some college,standard,completed,79,84,91,254,143
female,group C,bachelor's degree,free/reduced,none,67,75,72,214,120.3333333
male,group E,bachelor's degree,standard,completed,70,64,70,204,112.6666667
male,group D,bachelor's degree,free/reduced,none,50,42,48,140,76.66666667
female,group A,some college,standard,none,69,84,82,235,133.6666667
female,group C,bachelor's degree,standard,completed,52,61,66,179,102
female,group C,bachelor's degree,free/reduced,completed,47,62,66,175,101
female,group B,associate's degree,free/reduced,none,46,61,55,162,92.66666667
female,group E,some college,standard,none,68,70,66,204,113.3333333
male,group E,bachelor's degree,standard,completed,100,100,100,300,166.6666667
female,group C,high school,standard,none,44,61,52,157,90
female,group C,associate's degree,standard,completed,57,77,80,214,123.6666667
male,group B,some college,standard,completed,91,96,91,278,155
male,group D,high school,free/reduced,none,69,70,67,206,114.3333333
female,group C,high school,free/reduced,none,35,53,46,134,77.66666667
male,group D,high school,standard,none,72,66,66,204,112
female,group B,associate's degree,free/reduced,none,54,65,65,184,104.6666667
male,group D,high school,free/reduced,none,74,70,69,213,117.3333333
male,group E,some high school,standard,completed,74,64,60,198,107.3333333
male,group E,associate's degree,free/reduced,none,64,56,52,172,93.33333333
female,group D,high school,free/reduced,completed,65,61,71,197,109.6666667
male,group E,associate's degree,free/reduced,completed,46,43,44,133,73.33333333
female,group C,some high school,free/reduced,none,48,56,51,155,87.33333333
male,group C,some college,free/reduced,completed,67,74,70,211,118.3333333
male,group D,some college,free/reduced,none,62,57,62,181,100
male,group D,associate's degree,free/reduced,completed,61,71,73,205,116.3333333
male,group C,bachelor's degree,free/reduced,completed,70,75,74,219,122.6666667
male,group C,associate's degree,standard,completed,98,87,90,275,150.6666667
male,group D,some college,free/reduced,none,70,63,58,191,104
male,group A,associate's degree,standard,none,67,57,53,177,95.66666667
female,group E,high school,free/reduced,none,57,58,57,172,95.66666667
male,group D,some college,standard,completed,85,81,85,251,139
male,group D,some high school,standard,completed,77,68,69,214,117
male,group C,master's degree,free/reduced,completed,72,66,72,210,116
female,group D,master's degree,standard,none,78,91,96,265,150.6666667
male,group C,high school,standard,none,81,66,64,211,113.6666667
male,group A,some high school,free/reduced,completed,61,62,61,184,102.3333333
female,group B,high school,standard,none,58,68,61,187,105.3333333
female,group C,associate's degree,standard,none,54,61,58,173,97.33333333
male,group B,high school,standard,none,82,82,80,244,135.3333333
female,group D,some college,free/reduced,none,49,58,60,167,95
male,group B,some high school,free/reduced,completed,49,50,52,151,84.33333333
female,group E,high school,free/reduced,completed,57,75,73,205,117.6666667
male,group E,high school,standard,none,94,73,71,238,127.3333333
female,group D,some college,standard,completed,75,77,83,235,131.6666667
female,group E,some high school,free/reduced,none,74,74,72,220,122
male,group C,high school,standard,completed,58,52,54,164,90
female,group C,some college,standard,none,62,69,69,200,112.6666667
male,group E,associate's degree,standard,none,72,57,62,191,103.3333333
male,group C,some college,standard,none,84,87,81,252,140
female,group D,master's degree,standard,none,92,100,100,292,164
female,group D,high school,standard,none,45,63,59,167,96.33333333
male,group C,high school,standard,none,75,81,71,227,126.3333333
female,group A,some college,standard,none,56,58,64,178,100
female,group D,some high school,free/reduced,none,48,54,53,155,87.33333333
female,group E,associate's degree,standard,none,100,100,100,300,166.6666667
female,group C,some high school,free/reduced,completed,65,76,75,216,122.3333333
male,group D,some college,standard,none,72,57,58,187,100.6666667
female,group D,some college,standard,none,62,70,72,204,115.3333333
male,group A,some high school,standard,completed,66,68,64,198,110
male,group C,some college,standard,none,63,63,60,186,103
female,group E,associate's degree,standard,none,68,76,67,211,118
female,group B,bachelor's degree,standard,none,75,84,80,239,134.3333333
female,group D,bachelor's degree,standard,none,89,100,100,289,163
male,group C,some high school,standard,completed,78,72,69,219,120
female,group A,high school,free/reduced,completed,53,50,60,163,91
female,group D,some college,free/reduced,none,49,65,61,175,100.3333333
female,group A,some college,standard,none,54,63,67,184,104.6666667
female,group C,some college,standard,completed,64,82,77,223,127.3333333
male,group B,some college,free/reduced,completed,60,62,60,182,101.3333333
male,group C,associate's degree,standard,none,62,65,58,185,102.6666667
male,group D,high school,standard,completed,55,41,48,144,77.66666667
female,group C,associate's degree,standard,none,91,95,94,280,156.3333333
female,group B,high school,free/reduced,none,8,24,23,55,34
male,group D,some high school,standard,none,81,78,78,237,131
male,group B,some high school,standard,completed,79,85,86,250,140.3333333
female,group A,some college,standard,completed,78,87,91,256,144.6666667
female,group C,some high school,standard,none,74,75,82,231,129.3333333
male,group A,high school,standard,none,57,51,54,162,89
female,group C,associate's degree,standard,none,40,59,51,150,86.66666667
male,group E,some high school,standard,completed,81,75,76,232,127.6666667
female,group A,some high school,free/reduced,none,44,45,45,134,74.66666667
female,group D,some college,free/reduced,completed,67,86,83,236,135
male,group E,high school,free/reduced,completed,86,81,75,242,132.6666667
female,group B,some high school,standard,completed,65,82,78,225,128.3333333
female,group D,associate's degree,free/reduced,none,55,76,76,207,119.6666667
female,group D,bachelor's degree,free/reduced,none,62,72,74,208,118
male,group A,high school,standard,none,63,63,62,188,104.3333333
female,group E,master's degree,standard,completed,88,99,95,282,158.6666667
male,group C,high school,free/reduced,none,62,55,55,172,94
female,group C,high school,free/reduced,completed,59,71,65,195,110.3333333
female,group D,some college,standard,completed,68,78,77,223,126
female,group D,some college,free/reduced,none,77,86,86,249,140.3333333
